Year,High,Low,Avg
2020,75.59469,73.6658,74.63025
2021,126.567,124.3656,125.4663
2022,125.2952,121.8154,123.5553
